topic,title,content
Getting Started,Introduction to Node.js,
Getting Started,How much JavaScript do you need to know to use Node.js?,
Getting Started,Differences between Node.js and the Browser,
Getting Started,The V8 JavaScript Engine,
Getting Started,An introduction to the npm package manager,
Getting Started,ECMAScript 2015 (ES6) and beyond,
Getting Started,"Node.js, the difference between development and production",
Getting Started,Node.js with WebAssembly,
Getting Started,Debugging Node.js,
Getting Started,Profiling Node.js Applications,
Getting Started,Fetching data with Node.js,
Getting Started,Security Best Practices,
TypeScript,Introduction to TypeScript,
TypeScript,Running TypeScript code using transpilation,
TypeScript,Running TypeScript with a runner,
TypeScript,Running TypeScript Natively,
TypeScript,Publishing a TypeScript package,
Asynchronous Work,Asynchronous flow control,
Asynchronous Work,Overview of Blocking vs Non-Blocking,
Asynchronous Work,JavaScript Asynchronous Programming and Callbacks,
Asynchronous Work,Discover JavaScript Timers,
Asynchronous Work,The Node.js Event Loop,
Asynchronous Work,The Node.js Event Emitter,
Asynchronous Work,Understanding process.nextTick(),
Asynchronous Work,Understanding setImmediate(),
Asynchronous Work,Don't Block the Event Loop,
Manipulating Files,Node.js file stats,
Manipulating Files,Node.js File Paths,
Manipulating Files,Working with file descriptors in Node.js,
Manipulating Files,Reading files with Node.js,
Manipulating Files,Writing files with Node.js,
Manipulating Files,Working with folders in Node.js,
Manipulating Files,How to work with Different Filesystems,
Command Line,Run Node.js scripts from the command line,
Command Line,How to read environment variables from Node.js,
Command Line,How to use the Node.js REPL,
Command Line,Output to the command line using Node.js,
Command Line,Accept input from the command line in Node.js,
Modules,Publishing a package,
Modules,How to publish a Node-API package,
Modules,Anatomy of an HTTP Transaction,
Modules,ABI Stability,
Modules,How to use streams,
Modules,Backpressuring in Streams,
Diagnostics,User Journey,
Diagnostics,Memory,
Diagnostics,Live Debugging,
Diagnostics,Poor Performance,
Diagnostics,Flame Graphs,
Test Runner,Discovering Node.js's test runner,
Test Runner,Using Node.js's test runner,
Test Runner,Mocking in tests,
